{"graph": {"_type": "graph-file", "sha256": "8b30a95ab99d9ba00a2f13446f5445bd6eeffd486a977d0a5efdbb0fa025bc50", "size": 695, "path": "media/graph/graph_summary_8b30a95ab99d9ba00a2f.graph.json"}, "epoch": 5, "_timestamp": 1668256347.3607543, "loss": 9.046140803548042e-06, "accuracy": 0.6458717584609985, "val_loss": 6.345818837871775e-05, "val_accuracy": 0.507567286491394, "_runtime": 1849.9614222049713, "_step": 5, "best_val_loss": 6.263871910050511e-05, "best_epoch": 2}