{"graph": {"_type": "graph-file", "sha256": "164f5254a0660d4e0e7a99926e37e41cf6e0e3dc5d7e819e09b9a08f7f68f72b", "size": 1231, "path": "media/graph/graph_summary_164f5254a0660d4e0e7a.graph.json"}, "epoch": 17, "_timestamp": 1668183135.151241, "loss": 849.9572143554688, "accuracy": 0.8172774910926819, "val_loss": 0.07571413367986679, "val_accuracy": 0.6747755408287048, "_runtime": 717.1379339694977, "_step": 17, "best_val_loss": 0.022902976721525192, "best_epoch": 10}